Date,Forecasted_Sales,Lower_Bound,Upper_Bound
2013-01-01,6902765.122198561,4743354.496625666,9250439.804274675
2013-01-02,6385878.12399137,4137002.607396935,8802768.400131576
2013-01-03,6042834.950146592,3897697.653220689,8446315.471648918
2013-01-04,6551069.922226218,4225039.758237463,8769716.692334095
2013-01-05,5612159.483924736,3350399.179768176,7868266.442469063
2013-01-06,-464975.60920558684,-2738509.9789538393,1799578.3323702163
2013-01-07,7777952.802822652,5631072.153598089,10150525.194149686
2013-01-08,6945410.65336614,4676109.355843217,9157393.052686727
2013-01-09,6507325.554232611,4089825.2002527146,8833521.481681556
2013-01-10,6236352.292446122,3854910.865277332,8845013.72475643
2013-01-11,6808800.898882743,4712234.059420819,9251599.483476534
2013-01-12,5925331.249247127,3489396.826479602,8231300.076799356
2013-01-13,-105829.91695585195,-2333585.5404547267,2063931.483872577
2013-01-14,8173143.23342743,5770111.1606611665,10349534.977002474
2013-01-15,7366489.329698948,5168661.953228934,9875373.9179237
2013-01-16,6944141.271988914,4796678.430599754,9288629.555903297
2013-01-17,6678983.721569241,4412959.362828251,8879006.4366927
2013-01-18,7247767.915707462,4798031.005038651,9376911.744690873
2013-01-19,6351788.22648258,4123805.5958688525,8770006.715457696
2013-01-20,300076.92358302977,-2026891.6248763467,2534926.2391755003
2013-01-21,8551410.607551299,6305119.446802139,10782387.042852746
2013-01-22,7711095.326745756,5471218.250609065,9995620.759283863
2013-01-23,7250217.487096718,4899923.852024757,9576510.681014493
2013-01-24,6942869.641604157,4786845.777231681,9209518.458581038
2013-01-25,7467033.323731722,5289892.881796606,9873800.346417999
2013-01-26,6525224.186229456,4198871.022690076,8882976.9974133
2013-01-27,427656.7137048021,-2015190.2778979996,2894951.4021622236
2013-01-28,8634222.726293575,6291087.466640914,10909185.878662178
2013-01-29,7751251.364143591,5508437.619955278,9952980.58585084
2013-01-30,7250738.244414656,4724072.75370463,9501363.943101058
2013-01-31,6907553.354742898,4505511.429266376,9219837.431395844
2013-02-01,7400310.204966884,4836310.014802331,9685847.496309046
2013-02-02,6432001.733566012,3973930.1551382337,8638320.888188383
2013-02-03,313160.33942040335,-1900728.6171008802,2470112.3009925936
2013-02-04,8503836.23310766,6169875.578232631,10572515.37433611
2013-02-05,7610361.64630698,5223714.57392259,9904678.507754024
2013-02-06,7104588.322063833,4931818.976639212,9331602.218195727
2013-02-07,6761107.472341573,4408043.297784086,9060052.887231039
2013-02-08,7258134.252506093,4931129.200881875,9481607.259614928
2013-02-09,6298161.696311874,3945750.8092682115,8444585.555509567
2013-02-10,191140.86941874307,-2247926.222842863,2609495.2754484597
2013-02-11,8396480.777846612,6072058.106255251,10619697.864017045
2013-02-12,7519834.890699539,5052287.596820752,9831225.648240168
2013-02-13,7032361.018513579,4797988.1510019675,9262437.073174296
2013-02-14,6707963.068554765,4489413.5712565845,8964275.300621092
2013-02-15,7224196.099399305,5055103.506866149,9584692.357008692
2013-02-16,6282939.044063182,4031115.484696761,8691300.156042578
2013-02-17,193591.35686680488,-1928641.7756760048,2408038.696890318
2013-02-18,8415086.699401785,6006781.004027811,10749841.793181764
2013-02-19,7552690.199355204,5437987.14404045,10053071.915881725
2013-02-20,7077265.798731665,4698715.612787747,9302171.076096918
2013-02-21,6762522.094813846,4349981.18941725,9030035.199617045
2013-02-22,7285918.085352245,5144557.357674167,9689421.907672003
2013-02-23,6349333.282821103,4247030.979669102,8749189.769744743
2013-02-24,262258.64717709925,-2044598.806373949,2531697.4196258443
2013-02-25,8483801.74110524,6162046.52643901,10791401.848841893
2013-02-26,7619473.010148395,5369324.873426634,9851418.177297676
2013-02-27,7140440.142008294,4943455.1919554,9399541.5212721
2013-02-28,6820759.399597665,4539052.035199869,9096883.867419697
2013-03-01,7338265.867889395,5085507.942952197,9591676.894396827
2013-03-02,6395227.6272249045,3974153.1932209386,8579252.341624029
2013-03-03,301520.8540682141,-2067420.1112419178,2654998.458984238
2013-03-04,8516619.787405785,6268556.324664049,10896864.528533002
2013-03-05,7646368.969083834,5609595.290754205,9993772.278658165
2013-03-06,7162225.167005782,4850544.765607257,9290607.032122402
2013-03-07,6838478.272380022,4425717.281528696,9161021.467918994
2013-03-08,7353133.433131288,4975336.661181652,9634287.784733137
2013-03-09,6408559.676981869,4161723.6643309034,8634708.798620969
2013-03-10,314662.1765903495,-1898532.2520996719,2629929.7487101704
2013-03-11,8530872.154789338,6265372.475638263,10800429.244752575
2013-03-12,7662921.801941218,5469744.315168783,10019367.681751143
2013-03-13,7182091.490805647,4887169.290379562,9383584.093385672
2013-03-14,6862438.366608406,4422830.953771867,9163095.050346168
2013-03-15,7381688.284287473,4990929.14962515,9730266.641652253
2013-03-16,6441895.986606951,4253372.073103416,8846560.579923242
2013-03-17,352630.2595748948,-2018844.6984879426,2711306.4580225535
2013-03-18,8572977.605078515,6415421.107216206,10827526.70239245
2013-03-19,7708331.31619577,5411652.947646836,10017863.942894552
2013-03-20,7229652.743278465,4921142.898971496,9603185.907815319
2013-03-21,6910713.335390703,4575242.139002038,9407292.14508212
2013-03-22,7428998.9567961125,5195820.239965625,9660871.39461952
2013-03-23,6486380.93540989,4250583.760736802,8866973.692240193
2013-03-24,392310.1934419852,-1966099.7620247814,2495387.0104406234
2013-03-25,8605827.675501404,6107880.016634554,10737301.19299362
2013-03-26,7732357.708386328,5456788.669147769,10115329.617371038
2013-03-27,7242970.910186932,4721939.011209881,9602074.055378702
2013-03-28,6911625.149432694,4527483.588758165,9279071.12702592
2013-03-29,7416066.058773241,5058894.547946857,9624767.549117813
2013-03-30,6458491.655677368,4201672.458565502,8722898.586999923
2013-03-31,348737.6007436784,-1849132.0139604753,2555592.3983213827
2013-04-01,8546276.571375137,6391816.168463627,10858157.982417673
2013-04-02,7656998.72040485,5283934.719084551,9945740.626548333
2013-04-03,7152460.23450215,5000098.72075114,9231525.068718784
2013-04-04,6807108.941206938,4449398.966949998,9068970.852409082
2013-04-05,7299168.953338673,4921928.368488101,9642444.469593348
2013-04-06,6331289.408055297,4111290.37186717,8594991.119492738
2013-04-07,213714.34244574793,-2027382.829745985,2333295.485363052
2013-04-08,8406267.682944039,6117880.117035046,10532902.036496906
2013-04-09,7515120.792057829,5116286.710201629,9800865.781132048
2013-04-10,7012030.019557146,4786523.575744452,9321587.16740035
2013-04-11,6671553.58414279,4353071.740816826,8764388.753869938
2013-04-12,7171930.084472435,4798380.819038446,9447588.956282834
2013-04-13,6215723.9298060015,3900575.995991737,8611527.577159055
2013-04-14,112994.87997635268,-2097269.290127216,2326213.873599035
2013-04-15,8323285.729722126,6004709.525898679,10646822.290004164
2013-04-16,7452395.5463033505,5122458.494291436,9899738.04054383
2013-04-17,6971625.780387613,4600460.811497239,9285824.153279766
2013-04-18,6655008.360420685,4225673.099266426,8982610.789201135
2013-04-19,7180197.7704105005,4824675.366138705,9529547.99960145
2013-04-20,6249132.028027562,3965740.621651978,8511272.446222581
2013-04-21,171219.31478491705,-2158874.73257907,2437045.899988092
2013-04-22,8405343.805989847,6154580.36221356,10740704.548060954
2013-04-23,7556657.583209524,5292602.1709761415,9892590.645534048
2013-04-24,7095845.403596576,4742579.269074107,9492352.088488128
2013-04-25,6796370.884891455,4413007.132547999,9125888.17297075
2013-04-26,7335385.566438368,5148697.612505362,9629261.467936762
2013-04-27,6414405.25067996,4148542.3772068815,8617585.408138592
2013-04-28,342509.90864328295,-1872523.5773423521,2791096.3990287953
2013-04-29,8578360.284796847,6371218.754395347,10835904.91647396
2013-04-30,7726997.743081625,5342833.8813706115,9937103.612757254
2013-05-01,7259113.866731277,4978813.596276963,9452618.602282828
2013-05-02,6948298.196715304,4755560.421901666,9241306.06259324
2013-05-03,7471945.499487425,5136057.283113337,9748099.752614172
2013-05-04,6531926.969526501,4243146.8709671395,8750232.52339187
2013-05-05,437781.78401096165,-1747186.4209661626,2781194.1230330584
2013-05-06,8648722.345751053,6305717.921381667,10872604.240400022
2013-05-07,7770420.05693332,5352174.973386936,10049292.873203788
2013-05-08,7274258.514486675,4821381.660757809,9568450.56722325
2013-05-09,6934562.962303861,4601285.024503396,9248761.963758199
2013-05-10,7429487.886819521,5063644.233210813,9579480.499300864
2013-05-11,6461667.72700006,4134079.9973374805,8852868.637390833
2013-05-12,341387.6716535529,-2116326.4489210784,2531417.1945872884
2013-05-13,8528568.473728888,6260859.153450261,10894068.373735763
2013-05-14,7629532.698947424,5356417.189234934,10169124.095081892
2013-05-15,7116239.853995058,4813261.0106947655,9514292.998278385
2013-05-16,6763499.743093177,4408881.477592219,8956691.392914776
2013-05-17,7249846.3996983785,4958515.3518249495,9607920.499760201
2013-05-18,6278177.955621347,4079904.395312254,8702549.177982006
2013-05-19,158919.73398605734,-2176156.1821412635,2470180.355794299
2013-05-20,8352004.7192148045,6120177.794387144,10738426.837210957
2013-05-21,7463638.9515371,5251474.997352544,9808232.51526443
2013-05-22,6965539.321652484,4876788.792901029,9295629.655019313
2013-05-23,6632153.045707215,4399263.892577401,8875633.51208912
2013-05-24,7141541.000712821,4859206.799767901,9522755.90459052
2013-05-25,6196030.023922146,3752990.7238024506,8671718.465796432
2013-05-26,105391.1167642735,-2100490.15259332,2515996.409602784
2013-05-27,8328837.287241889,6071091.461912712,10701881.830362834
2013-05-28,7471808.093964273,5223511.659456176,9744972.42380196
2013-05-29,7005227.8344627535,4667026.266914584,9181949.346906377
2013-05-30,6702746.090541124,4381440.41462717,9175068.236720892
2013-05-31,7241642.225602355,5048897.412959441,9425588.969075685
2013-06-01,6323498.350464669,4200765.470370245,8602312.269131104
2013-06-02,257397.1295129545,-1909067.337827206,2487023.9196536713
2013-06-03,8501937.618723558,6071250.950039564,10645229.145208351
2013-06-04,7662035.710488672,5373653.482119991,10069480.908384185
2013-06-05,7208195.695428986,4796039.402700225,9461289.545440996
2013-06-06,6913761.297156359,4673309.8920139475,9000681.184251368
2013-06-07,7455827.500058907,5000923.08664329,9732128.109041436
2013-06-08,6535917.503651779,4228091.386591779,8937865.150238298
2013-06-09,463181.08482366614,-1978256.6217977896,2681892.5068559786
2013-06-10,8696407.57158269,6500958.161140456,10895665.297379866
2013-06-11,7840820.105634574,5347554.313626694,10055724.9417784
2013-06-12,7367337.904099151,5151493.078564656,9683091.563103205
2013-06-13,7049815.1609011255,4629560.350915988,9358113.432245515
2013-06-14,7565938.271682517,5391072.9821018195,9867149.239972217
2013-06-15,6617886.14527002,4380093.671629061,8968571.102081254
2013-06-16,515510.3681302201,-1643962.0932323777,2791247.0688975537
2013-06-17,8718328.9494388,6526573.299591033,11112868.892464984
2013-06-18,7832300.872647469,5497449.346597165,9890479.207617387
2013-06-19,7329068.721264787,5158154.526307544,9648437.19645979
2013-06-20,6983178.5684173,4799748.6910744505,9172467.744103279
2013-06-21,7472959.340129348,5220303.61833576,9655895.689820794
2013-06-22,6501166.902153262,4336055.386229005,8690377.962560147
2013-06-23,378150.0719503872,-1983363.473321299,2653957.9680278534
2013-06-24,8563832.653461203,6437403.418208382,10878571.220930045
2013-06-25,7664479.01607775,5348181.860861155,9940664.781709105
2013-06-26,7151930.698750439,4710462.1242317045,9467760.528808229
2013-06-27,6800823.354041102,4590192.640896823,9044943.60700566
2013-06-28,7289466.275848821,5031312.541320137,9575220.319681937
2013-06-29,6320489.7054197425,4091568.198554332,8599308.423978545
2013-06-30,204016.97169720847,-2055498.1941611911,2539134.274322798
2013-07-01,8399655.336781938,6116629.231997809,10575005.180338206
2013-07-02,7513272.768176874,5276959.703413826,9816950.02985758
2013-07-03,7016247.744720234,4747110.819063407,9176224.237958772
2013-07-04,6682700.995638419,4334211.742719537,9011125.328580908
2013-07-05,7190390.951555319,4863980.878267212,9443276.666059542
2013-07-06,6241377.613621926,4071359.1402483946,8602146.385896647
2013-07-07,145211.39775229804,-1936604.7269289547,2449079.560693388
2013-07-08,8360940.328339187,6149545.996889318,10648032.352106474
2013-07-09,7493902.322946802,5129450.9218155,9602575.283031082
2013-07-10,7014989.236058647,4661008.740213431,9439557.863229616
2013-07-11,6697891.155951838,4453775.973861682,9025646.731562166
2013-07-12,7220002.39455012,4932703.54724192,9327806.309208402
2013-07-13,6283093.600905693,4032956.2097152346,8674502.608554866
2013-07-14,196506.35499362648,-2229864.139375021,2398153.641175164
2013-07-15,8419163.494802434,6125947.3420793945,10583400.433276158
2013-07-16,7556361.880415282,5185254.266925305,9844698.207516592
2013-07-17,7079034.306669428,4868265.289418004,9456218.219721653
2013-07-18,6760989.182974065,4369278.702107643,9255147.490958892
2013-07-19,7279809.619648346,5096553.305266078,9488337.762564268
2013-07-20,6337516.619444656,3959758.0842338596,8516130.885437954
2013-07-21,243753.05719680525,-2121620.9130957066,2507572.123524754
2013-07-22,8457782.07678678,6229756.75235919,10863754.400593847
2013-07-23,7585267.018770801,5459637.502917988,9897809.245580673
2013-07-24,7097520.024736829,4742446.840117757,9506714.358601887
2013-07-25,6768728.378448595,4286643.379482462,9035769.49337455
2013-07-26,7276840.660042516,4812890.580222819,9585367.276070973
2013-07-27,6324217.829091921,3812971.908103052,8732434.48819159
2013-07-28,220806.30428809393,-2047946.4065668867,2432204.936513868
2013-07-29,8426127.00968982,6253034.822591347,10790422.751047878
2013-07-30,7546047.7863399545,5211772.821257042,9905252.176696565
2013-07-31,7052026.537308055,4741814.958737513,9196903.696452666
2013-08-01,6718251.981711423,4539953.178724514,9014255.470242364
2013-08-02,7222775.853155204,4981333.668626081,9469629.727753613
2013-08-03,6267918.294783274,3931108.9355977476,8508089.1872581
2013-08-04,163526.80782222468,-2287975.7006219695,2425249.7165059475
2013-08-05,8368970.8921653265,6108395.707525456,10699934.024815975
2013-08-06,7489921.898474231,5245159.782679296,9719694.01986423
2013-08-07,6997605.181967898,4780578.732466137,9361897.627435256
2013-08-08,6666033.44253063,4291742.347656063,9017622.989613999
2013-08-09,7172903.035233661,4971586.926024006,9468780.248911636
2013-08-10,6220257.971614424,4120922.7872920637,8695759.083193144
2013-08-11,117678.19296224322,-2357675.5240182765,2334304.8424284165
2013-08-12,8324285.523336098,6054309.75630746,10452854.57884278
2013-08-13,7445534.085132948,5106415.4492303,9812787.383969195
2013-08-14,6952471.892477058,4671944.659359695,9266664.030905278
2013-08-15,6618982.169710743,4352123.898227928,9106101.28680831
2013-08-16,7122685.891547263,4754729.2413791325,9329373.617889266
2013-08-17,6165610.03557965,3836921.4130990184,8461020.95584276
2013-08-18,57377.965826689266,-2128694.4406145886,2505781.8535930966
2013-08-19,8257215.264190004,5857112.133324916,10630742.144957172
2013-08-20,7370737.777016175,5126688.621097554,9711318.425278977
2013-08-21,6869208.653059851,4712588.2890183255,9003709.127285302
2013-08-22,6526773.055141291,4327921.386860013,8783257.059984375
2013-08-23,7021352.248088019,4783651.107291024,9086529.058941849
2013-08-24,6055301.824138919,3591614.1334825465,8265454.322141849
2013-08-25,-61409.19036258198,-2350505.2384701916,2275652.3693107427
2013-08-26,8130795.342163853,5952234.014559897,10395657.65253897
2013-08-27,7237874.090140988,4982889.19822852,9501028.25170729
2013-08-28,6731412.617083915,4543157.8357329015,9050905.440193877
2013-08-29,6385845.80558518,4055349.651797076,8646388.275399426
2013-08-30,6879340.469378711,4625534.700400846,9315894.87880416
2013-08-31,5914344.277471511,3662673.822128548,8093228.836383352
2013-09-01,-198946.68812596705,-2573282.8532336196,2068538.2862997074
2013-09-02,7999101.855647826,5705795.414447239,10297764.4687246
2013-09-03,7114432.263646497,4745605.317536235,9366333.34739427
2013-09-04,6618537.107553387,4317711.345498256,9039357.622118117
2013-09-05,6285681.8753521945,3911299.49309804,8609198.512239631
2013-09-06,6793790.3965783175,4630366.152675183,9128245.901542153
2013-09-07,5845098.120324833,3591451.615081856,8070034.545294106
2013-09-08,-250669.7602352826,-2616228.5618435997,1968114.4654936097
2013-09-09,7965698.475202474,5625038.807478558,10390128.346558418
2013-09-10,7099683.679489342,4738267.96150128,9491626.87249746
2013-09-11,6622291.325722963,4261930.009427308,9004905.19806158
2013-09-12,6307288.719346951,3916976.736402362,8450096.270505978
2013-09-13,6832105.666121535,4469878.127994692,9141470.330106035
2013-09-14,5898503.250536677,3492887.1301583177,8190358.136629395
2013-09-15,-184232.7695632996,-2410228.139113717,1975869.4070184228
2013-09-16,8042719.369524173,5691686.5623214515,10299384.97608615
2013-09-17,7184513.395198689,4879093.421867985,9441820.155423142
2013-09-18,6711902.19465218,4520334.242478538,8848537.614008268
2013-09-19,6398484.687448295,3979279.3907111194,8732714.33742842
2013-09-20,6921613.759529591,4729436.98941822,9394124.584825797
2013-09-21,5983069.635219047,3541615.766611697,8342905.26389772
2013-09-22,-107745.00658315048,-2190581.6124243583,2268875.4710063664
2013-09-23,8108205.036133046,5917056.759337273,10426757.48005563
2013-09-24,7236379.1745961895,4902860.215957887,9382922.940444142
2013-09-25,6747921.016143313,4296514.788032627,8995303.96079339
2013-09-26,6416895.254032939,4234359.180603795,8870537.642513454
2013-09-27,6921183.096391375,4823254.423007031,9218205.416865764
2013-09-28,5963140.947274557,3563416.738370342,8145071.363741395
2013-09-29,-147220.94612388592,-2353391.736658407,2234438.883404981
2013-09-30,8049399.442247917,5693896.808561603,10499241.280813321
2013-10-01,7159432.116561953,4839343.878502504,9405194.292493876
2013-10-02,6654613.181255574,4380992.348614173,9084378.039275259
2013-10-03,6309557.638737965,4002137.785684542,8660665.411419109
2013-10-04,6802637.282890205,4517453.696080207,9138217.85185693
2013-10-05,5836623.314329899,3397058.543389697,8126215.7509672325
2013-10-06,-278149.08664083946,-2512519.366287429,1839280.1455640285
2013-10-07,7918199.921808878,5470040.674252648,10155518.922683155
2013-10-08,7031859.22397926,4825288.040712352,9407988.690828916
2013-10-09,6534562.391053381,4160890.387436276,8908934.728811242
2013-10-10,6200803.997757491,3815056.5117555615,8407892.489778733
2013-10-11,6708718.957338819,4365833.951703049,8947979.704351991
2013-10-12,5760730.173064909,3261339.017812255,8171039.12015924
2013-10-13,-333278.3339358214,-2635863.609852453,2003791.8374737303
2013-10-14,7886031.145199781,5600654.8094839975,10093998.325749332
2013-10-15,7024229.321191658,4653996.376664418,9476891.348372068
2013-10-16,6552373.143078032,4504283.768192298,9008978.087516932
2013-10-17,6244241.892470563,3807891.519043828,8529574.98818998
2013-10-18,6777237.9331694925,4566001.89668878,9014533.110005118
2013-10-19,5853056.806112635,3462243.849817564,7938516.562081132
2013-10-20,-219116.8231007876,-2423239.6466768244,2104432.564130592
2013-10-21,8019405.926110635,5695843.663035186,10427659.219833218
2013-10-22,7173619.00227228,4910365.987862425,9478796.399889266
2013-10-23,6714094.549004235,4461742.535302839,9087121.043264536
2013-10-24,6414236.609835416,4059695.946551457,8830892.62997927
2013-10-25,6951196.6296786945,4530756.532046479,9212917.521915745
2013-10-26,6026554.936527734,3753875.864207889,8344086.963144563
2013-10-27,-50475.7077051932,-2231949.6739866226,2141436.844734335
2013-10-28,8178968.485879023,5938491.127054564,10415529.949156797
2013-10-29,7320202.384425325,5089429.718098517,9757240.895208051
2013-10-30,6843733.78038339,4798910.602324571,9187561.711782139
2013-10-31,6524085.8336385,4184804.017345909,8668395.126355335
2013-11-01,7039120.589442012,4758664.98990887,9200706.566884065
2013-11-02,6091228.955654899,3930599.030657445,8371461.901955617
2013-11-03,-9486.814565274864,-2271099.6395625006,2385690.2318491377
2013-11-04,8196781.448001069,5857859.339401022,10457344.062832128
2013-11-05,7316321.518136021,5012986.331119048,9632807.947186865
2013-11-06,6821140.706747593,4619763.335111925,9263071.131078113
2013-11-07,6486181.1338481605,4297356.152588111,8652393.233786605
2013-11-08,6990192.528331335,4529553.00984338,9090678.324498778
2013-11-09,6036367.847035817,3729896.8408950805,8188718.136666055
2013-11-10,-64500.974482203834,-2233006.008542571,2126576.0118506467
2013-11-11,8147947.139093613,5902157.0905350335,10517811.999998098
2013-11-12,7280394.742712321,4951934.310941906,9679074.062236123
2013-11-13,6805068.18000959,4563296.317114698,9067212.342628287
2013-11-14,6496939.540996121,4233905.671551657,8651116.446566915
2013-11-15,7034590.923795326,4693238.480553735,9269615.287661402
2013-11-16,6120846.641381493,3822507.3128083614,8428467.92800378
2013-11-17,65930.90129839629,-2248945.4254556466,2329919.445429073
2013-11-18,8329445.309920499,5987999.680868685,10454303.216808256
2013-11-19,7517133.897648839,5208770.358756077,9887191.855451422
2013-11-20,7100123.236621439,4745026.792250415,9341310.374263963
2013-11-21,6852146.969947969,4552350.014312853,9174203.45671715
2013-11-22,7450436.911820638,5305942.105251644,9566430.25832064
2013-11-23,6596385.7420585845,4383187.288408897,8752115.643781137
2013-11-24,598738.0955568124,-1613950.0728921732,2924379.212862135
2013-11-25,8915603.583246144,6655889.064294795,11252308.335163074
2013-11-26,8151258.5552941905,5826144.918356452,10434420.524345461
2013-11-27,7775423.247366841,5356825.868337608,10164440.146932315
2013-11-28,7560522.675948461,5265823.04634957,9849109.63996112
2013-11-29,8182359.018911373,5825168.886584964,10375828.809373604
2013-11-30,7341566.957300067,5205035.050273134,9498437.425717406
2013-12-01,1346073.1667311825,-833945.6419329882,3777253.663263699
2013-12-02,9653387.451758448,7471696.503430369,12075551.464925325
2013-12-03,8867424.271487828,6651013.69285314,11148967.681160888
2013-12-04,8457794.19956739,6227938.90359559,10820642.76046617
2013-12-05,8197073.24815,5898870.370426068,10416551.34615441
2013-12-06,8761730.975782584,6507310.491376261,11077016.52913768
2013-12-07,7852821.348428792,5610561.388171882,10120934.296339212
2013-12-08,1779192.314990594,-590455.6819160659,4064885.999160034
2013-12-09,9999507.031708008,7554274.577717526,12315281.150680888
2013-12-10,9119043.202458035,6892214.117699758,11274460.46897799
2013-12-11,8608957.097632809,6350400.258432072,11012965.74580072
2013-12-12,8243520.812578946,6022653.963687206,10582517.08715783
2013-12-13,8701014.43912053,6415721.736461415,11036598.972386139
2013-12-14,7684377.974556794,5456798.305091826,9974857.230072493
2013-12-15,1504379.8656471167,-772314.1914959812,3862552.6588920425
2013-12-16,9621596.115340885,7286152.508050777,11936861.84408168
2013-12-17,8643167.442133818,6278158.473149097,10804923.811658993
2013-12-18,8042022.084199064,5872824.177432704,10366589.720463866
2013-12-19,7594073.814854754,5446779.795503452,9935022.828267047
2013-12-20,7979077.802025141,5809787.527392496,10395098.886362197
2013-12-21,6901250.0208245795,4813114.385842256,9251313.235190453
2013-12-22,672407.9072909858,-1749064.714973604,3011217.769561715
2013-12-23,8753926.853916008,6492909.054609014,11047644.063367644
2013-12-24,7753480.577850716,5489708.064635249,9970038.7053018
2013-12-25,7144253.346605194,4830415.234947003,9496999.377769388
2013-12-26,6702133.864495567,4399739.588236288,9097437.688031102
2013-12-27,7106573.525547672,4739875.603071571,9315776.258227024
2013-12-28,6061214.65265248,3869922.781491362,8410679.722989645
2013-12-29,-123090.43344474211,-2405263.661155233,2181637.022859948
2013-12-30,8014107.642293431,5699721.708782168,10170419.863037767
2013-12-31,7079211.913376301,4558310.39195296,9335106.421364643
2014-01-01,6543958.456094655,4027910.1447095824,8860811.020338388
2014-01-02,6182644.611422774,3825090.651100454,8489657.723757975
2014-01-03,6673024.4695900325,4331952.723923169,8808981.993440554
2014-01-04,5716976.29908644,3432690.75759442,7801305.856809609
2014-01-05,-376301.6222368367,-2758871.602738539,1873149.0131126042
2014-01-06,7851726.429439999,5467086.7211621255,10163575.20157523
2014-01-07,7005739.167462798,4584328.14474197,9332584.47742588
2014-01-08,6555838.310259844,4128821.002049063,8892493.229506154
2014-01-09,6274811.203635148,3992413.5125461067,8526395.55947449
2014-01-10,6839057.082198343,4532523.053660525,9076994.203176718
2014-01-11,5949280.954237249,3646270.759882407,8389454.610321775
2014-01-12,-86289.00897611305,-2240851.6596439234,2106849.5500954194
2014-01-13,8190132.180282401,5869407.288791844,10291610.78098582
2014-01-14,7382702.446501308,4975022.584653364,9712447.365235403
2014-01-15,6961237.453175973,4716894.771795355,9201833.910857273
2014-01-16,6698472.22365946,4200083.945449426,9037871.027232498
2014-01-17,7270980.764781998,4958953.895936081,9478291.799981318
2014-01-18,6379857.971659701,4196148.273056854,8546289.261005968
2014-01-19,333920.12204256095,-1723642.7263723952,2709031.2344800336
2014-01-20,8591717.267904487,6219154.897025078,10834634.081573958
2014-01-21,7758324.376249794,5448872.111392926,10000625.047137499
2014-01-22,7304598.169083607,5053939.615210927,9654694.113937171
2014-01-23,7004408.596014129,4636820.559390339,9289124.818479083
2014-01-24,7535526.961059892,5232661.706083407,9876535.259516872
2014-01-25,6600275.836077945,4347428.699667733,9054769.23085929
2014-01-26,508697.9174597161,-1798933.5889751317,2904052.185683638
2014-01-27,8720537.951949704,6501637.378433321,11194658.688878275
2014-01-28,7842001.491235521,5570797.338341612,10144291.243573442
2014-01-29,7344997.421259951,5078689.837011732,9766509.494002687
2014-01-30,7004335.2086163275,4748988.917545873,9156600.011297029
2014-01-31,7498597.988239995,5037621.323362462,9891109.052705916
2014-02-01,6530777.715186558,4112799.802226188,8745411.925307764
2014-02-02,411433.66138128936,-1897317.6070889386,2789039.2049462316
2014-02-03,8600668.52018059,6320771.032242033,11037990.342271432
2014-02-04,7704889.745795648,5416725.536680902,9919484.300421963
2014-02-05,7196043.6541207,4944179.3098838795,9399990.415675616
2014-02-06,6848831.586297288,4620332.689871222,9055731.978737226
2014-02-07,7341590.308949493,5066104.469504108,9648788.285453731
2014-02-08,6376941.722678923,4078436.84422922,8429048.443652729
2014-02-09,264968.76668053865,-1912260.6352608681,2612229.648274665
2014-02-10,8465211.181879317,6016269.947730417,10777294.813575057
2014-02-11,7583448.111653289,5243638.686839642,9895276.82227553
2014-02-12,7090954.391347643,4681460.314748003,9484210.615537617
2014-02-13,6761739.144381666,4457025.340484392,9135954.585365701
2014-02-14,7273448.188560263,4996742.331781102,9586490.550586931
2014-02-15,6328034.685033889,3945001.6826680694,8605341.681887507
2014-02-16,234954.3295601681,-2096204.6417660227,2594255.1059332723
2014-02-17,8453178.225281635,6133877.514254975,10595419.434598546
2014-02-18,7587989.97449326,5371881.371016888,10040918.937565353
2014-02-19,7110253.4896253105,4868090.337485582,9352361.138931852
2014-02-20,6793659.891143657,4399343.735124703,9085172.856191045
2014-02-21,7315634.850563692,5189630.664874852,9493759.699201528
2014-02-22,6378010.77438659,4336419.635616046,8611384.023222174
2014-02-23,290220.19629356824,-2037824.1921825898,2554003.4091116227
2014-02-24,8511303.688988818,6180244.253862337,10768805.367008958
2014-02-25,7646699.0976139195,5290736.155625521,9951030.549975915
2014-02-26,7167498.945520782,5013617.290853077,9531309.92497852
2014-02-27,6847684.80087083,4535541.255508243,9020440.20917566
2014-02-28,7365020.445059807,4982793.026081955,9642808.969034478
2014-03-01,6421708.752933001,3964765.635883928,8623367.761000916
2014-03-02,327569.2037782436,-2251408.3933364335,2763840.5875650523
2014-03-03,8542029.88245307,6199873.900630133,10759576.908975793
2014-03-04,7670901.314952905,5252906.727708315,9875267.620862084
2014-03-05,7185619.501707392,4886246.9784917105,9648830.349771673
2014-03-06,6860467.408336301,4644409.145463782,9207498.969527967
2014-03-07,7373457.163018104,5079598.652500162,9717720.107808003
2014-03-08,6426978.218626624,4101037.051742762,8729991.886346906
2014-03-09,330968.6543714963,-1866531.8272080813,2672085.7288092305
2014-03-10,8544903.653480696,6257517.802010908,10899542.9896549
2014-03-11,7674568.583303934,5564602.81465484,10016142.3029327
2014-03-12,7191304.029630843,4983457.258020323,9494737.390294008
2014-03-13,6869231.942037059,4573144.754293764,9337592.655963417
2014-03-14,7386144.948138942,5150269.338707395,9578186.780961316
2014-03-15,6444163.823015561,4127351.389934673,8761993.494774908
2014-03-16,352919.9449396208,-1975335.609931171,2576760.947523909
2014-03-17,8571556.371418841,6338666.32156085,10818136.497784277
2014-03-18,7705514.511875809,5437339.681405695,9783935.962094113
2014-03-19,7225793.268931892,4921003.13819964,9426147.960971454
2014-03-20,6906189.308218102,4611517.714363256,9205848.10571916
2014-03-21,7424200.019436896,5049067.39178148,9620607.957661696
2014-03-22,6481693.67551169,4312335.756297997,8962996.322832908
2014-03-23,388103.17444535624,-1908853.1651989243,2699115.073518117
2014-03-24,8602436.597242692,6249576.078418601,10988440.380793925
2014-03-25,7730071.217635502,5546951.426840391,9955964.071350932
2014-03-26,7242017.564885785,4957800.126508602,9431379.607755043
2014-03-27,6912162.0083445115,4646574.2506387485,9379887.624106467
2014-03-28,7418169.320325007,5176320.70902919,9744837.580829745
2014-03-29,6462149.706919957,4218741.474573694,8751298.08873533
2014-03-30,353846.7661397336,-1905843.3637710738,2644401.4865058293
2014-03-31,8552639.761421096,6118201.8185961405,10734810.142068114
2014-04-01,7664327.0944313295,5361419.747656483,10034549.394891143
2014-04-02,7160377.893195997,4901446.771290264,9375265.28028648
2014-04-03,6815160.56818166,4485379.75663959,9082915.309829522
2014-04-04,7306830.22923153,4952936.496222953,9416327.392224813
2014-04-05,6337979.92997036,4028406.4156155526,8686372.00299853
2014-04-06,218812.69801768474,-2170870.61548053,2513981.9754012767
2014-04-07,8409128.254983066,6065547.602060251,10575287.653761983
2014-04-08,7515091.80916175,5213789.970719376,9757813.924383223
2014-04-09,7008472.32139034,4693395.600042803,9415499.81018703
2014-04-10,6663859.53985186,4429721.389692406,8920240.815792406
2014-04-11,7159542.089394998,4953415.501770337,9494294.86906432
2014-04-12,6198151.909520497,4013196.71435226,8542665.727927523
2014-04-13,89832.25264945067,-1931656.1352277203,2331877.6589069716
2014-04-14,8294223.316333591,5954744.839122219,10416500.43852324
2014-04-15,7417232.9728232585,4992479.303591672,9704388.11173333
2014-04-16,6930279.985204538,4541884.397932767,9263114.394644657
2014-04-17,6607518.901427338,4333386.143221367,8927955.903231911
2014-04-18,7126728.71807303,4749317.586884553,9450305.471478052
2014-04-19,6189970.328937117,3961815.033452321,8470801.589976933
2014-04-20,106769.61408550572,-2034367.3643170276,2291681.9312438867
2014-04-21,8336119.820799675,5981398.400434741,10382115.202811666
2014-04-22,7483270.222840594,5238672.223463913,9839083.264256338
2014-04-23,7018987.929830307,4775886.053249252,9403096.039720722
2014-04-24,6716801.4956198055,4709636.706047433,9131467.225743754
2014-04-25,7253907.865970327,4988441.475348404,9782758.054828502
2014-04-26,6331847.13648881,4103192.4532423047,8764305.771573395
2014-04-27,259701.45598354563,-2081406.3107811299,2532621.72292129
2014-04-28,8496111.245510854,6338237.034025207,10757560.88429196
2014-04-29,7646075.293558389,5438066.347978841,9760842.430064298
2014-04-30,7180221.236052398,4851307.914687955,9402322.37475412
2014-05-01,6872054.791239352,4538333.277221423,9336575.119339135
2014-05-02,7398869.09232117,4990424.51813418,9668664.714170735
2014-05-03,6462418.487360859,4131263.665369894,8724822.98794253
2014-05-04,372113.1357486453,-1955055.8792832436,2755301.2035051
2014-05-05,8587027.663534893,6359289.994191512,10855328.94258238
2014-05-06,7712690.623478975,5541471.053584096,9883537.632626222
2014-05-07,7220341.54875986,4990050.224470921,9680798.22747201
2014-05-08,6884164.326604768,4629634.729026597,9270074.454854807
2014-05-09,7382178.668469029,5080867.881594575,9633594.90194891
2014-05-10,6416894.5379499225,4121339.5551826563,8718801.39945202
2014-05-11,298486.4039241718,-1947548.400412306,2612572.261165339
2014-05-12,8486781.150280755,6271172.728682321,10833688.656877229
2014-05-13,7588026.970721874,5220246.0737458775,9793041.209251974
2014-05-14,7074130.618525346,4890703.669056328,9504522.262400208
2014-05-15,6719872.298399884,4403915.184954121,8889546.834291846
2014-05-16,7203780.502786631,5051172.8568855785,9405313.854009248
2014-05-17,6228772.128144794,3909224.02395549,8632376.333969735
2014-05-18,105315.14916532114,-2240996.7639789185,2499037.041165584
2014-05-19,8293408.015114334,6048707.962476337,10581008.693354119
2014-05-20,7399343.344618605,4916233.198849661,9744390.168347046
2014-05-21,6894943.441812059,4516154.673061712,9083532.960547548
2014-05-22,6554776.977229161,4362133.586248329,8754152.793159334
2014-05-23,7057039.091140514,4926930.6853563,9428288.183296368
2014-05-24,6104200.113391298,3855425.277979132,8453372.660968944
2014-05-25,6179.940006220713,-2476739.4471042906,2435674.879710869
2014-05-26,8222341.907195108,5988609.46683761,10488224.562900778
2014-05-27,7358273.336199826,5115588.820450692,9800760.700117687
2014-05-28,6885039.803185434,4542804.903445415,9299433.803104522
2014-05-29,6576421.954414623,4274428.204086858,8911721.334485894
2014-05-30,7109816.565724872,4901909.203833635,9439633.656642787
2014-05-31,6186906.4563582055,3674431.7433113544,8429826.983610667
2014-06-01,116855.71059429739,-2057254.9865293254,2324666.1419295026
2014-06-02,8358323.471415446,5939489.43709008,10748359.997151773
2014-06-03,7516262.931301397,5035560.19327141,10018655.571049675
2014-06-04,7061192.069436501,4861683.843516897,9360714.765499232
2014-06-05,6766444.509047514,4491892.496624672,9093546.098805992
2014-06-06,7309081.816143779,5247187.504266891,9541776.541189874
2014-06-07,6390571.554414662,4151930.059125089,8612711.23210802
2014-06-08,319987.3428863678,-2083565.5966191145,2633666.548235954
2014-06-09,8556024.067175608,6223957.12203517,10927758.866730973
2014-06-10,7703794.854742772,5575513.1171059515,10010197.02853287
2014-06-11,7234096.444038336,4981836.163749152,9515447.86720347
2014-06-12,6920651.497981184,4536134.195481225,9114815.421674054
2014-06-13,7441009.44634635,5051294.084663845,9645328.789341379
2014-06-14,6497210.517376919,4390846.314200762,8745174.817867734
2014-06-15,398969.61884503625,-1863168.5887365036,2866135.9702063035
2014-06-16,8605673.69260383,6310484.441923808,10886693.259636082
2014-06-17,7723159.66792834,5422435.466127381,10150479.787382698
2014-06-18,7222960.18821259,5037640.434614201,9541266.175356789
2014-06-19,6879526.217509347,4555256.975768431,9011822.66283606
2014-06-20,7371108.664781872,4961421.48130106,9517506.065896709
2014-06-21,6400404.218693227,4217121.6860961085,8626511.445669
2014-06-22,277722.55192893,-1991071.5581355756,2643475.035001317
2014-06-23,8462968.967742356,6157916.326032539,10749644.793720819
2014-06-24,7562410.00161769,5364280.274980941,10030734.3961933
2014-06-25,7047909.467694085,4806462.4151256895,9240761.085466124
2014-06-26,6694144.290795984,4376450.76474725,8908512.844013663
2014-06-27,7179482.514966808,4888826.512075787,9363156.247775676
2014-06-28,6206628.209457899,3888291.66874021,8474211.124259088
2014-06-29,85791.45637120586,-2238578.2442669133,2266343.781388405
2014-06-30,8276676.310549714,5942252.180901732,10476884.521807542
2014-07-01,7385254.567419634,5072527.870115285,9581618.527333574
2014-07-02,6883012.437877932,4593400.803781068,9146627.937228227
2014-07-03,6544179.118479364,4234305.7993106935,8910881.611175517
2014-07-04,7046619.132938124,4815402.6028064145,9328225.332376434
2014-07-05,6092493.241814936,3568296.7999728434,8320673.064872721
2014-07-06,-8555.437679417431,-2175460.5225532544,2309597.060917304
2014-07-07,8202603.349609006,5948523.592679318,10450868.137922281
2014-07-08,7331377.247170586,4852465.331662233,9705801.835645808
2014-07-09,6848713.727552167,4514187.956180404,9174311.898607988
2014-07-10,6528343.257540005,4245510.977673138,8773920.63001124
2014-07-11,7047684.651927261,4896616.883392729,9461685.761818778
2014-07-12,6108517.055388952,3918557.5706645283,8469586.412571754
2014-07-13,20174.902255497873,-2410095.1589286188,2333718.68408895
2014-07-14,8241559.085460344,6039546.405988347,10665443.978610827
2014-07-15,7377931.001191986,5094133.935390244,9719114.830407578
2014-07-16,6900176.131643739,4430306.318618978,9215683.03257043
2014-07-17,6582045.723103652,4387378.3172162045,8933064.310443461
2014-07-18,7101058.128197318,5021693.935388934,9578593.20309751
2014-07-19,6159164.433553678,3819519.429248416,8528435.547615102
2014-07-20,65934.97334069852,-2389139.3999452074,2256840.354210315
2014-07-21,8280560.273951082,6166052.059080719,10582112.944049522
2014-07-22,7408633.459959942,5051518.734888657,9715274.212367538
2014-07-23,6921401.187198609,4551860.453147003,9231970.258152101
2014-07-24,6592992.088944236,4235952.758933447,8885187.510424245
2014-07-25,7101304.74594346,4855686.022027413,9499847.803550284
2014-07-26,6148660.239939822,3960694.38721853,8453110.465223277
2014-07-27,44976.3154655369,-2175038.0547264228,2280602.4735844964
2014-07-28,8249757.182616228,6020661.827776539,10553402.884941643
2014-07-29,7368865.8735922165,4832346.658533446,9629701.605288532
2014-07-30,6873767.459852601,4589155.753282031,9218339.472284764
2014-07-31,6538751.413918095,4044649.337260026,8830326.22559751
2014-08-01,7041815.766052911,4805200.610312142,9297690.307434011
2014-08-02,6085318.1184146255,3886593.2431598073,8292592.704041254
2014-08-03,-20849.439213914797,-2549601.4857385946,2395026.426878758
2014-08-04,8182732.369724057,5993838.480287927,10552654.19603375
2014-08-05,7301787.744358137,5038901.197268345,9555404.247089159
2014-08-06,6807595.743756093,4334082.695359434,8908608.288358437
2014-08-07,6474221.388496656,4101792.0642053518,8634093.388884846
2014-08-08,6979409.7899665665,4540284.9048924865,9109326.590246284
2014-08-09,6025248.10426933,3873983.8645764347,8349430.135525126
2014-08-10,-78648.03597986791,-2386175.5190247926,2268894.691876951
2014-08-11,8126869.861879908,5928133.329583131,10370359.123242572
2014-08-12,7247272.3238271475,4821496.158335814,9394629.558081016
2014-08-13,6753612.633888645,4513262.637786998,9250830.645460112
2014-08-14,6419767.6892789565,4259443.598989112,8810326.834523238
2014-08-15,6923340.502783453,4697876.697134547,9248761.697007481
2014-08-16,5966328.847140555,3616447.6713818996,8213584.869364442
2014-08-17,-141683.54911431484,-2419087.652658484,2127964.526583176
2014-08-18,8058480.038592859,5838725.07597182,10445008.951318342
2014-08-19,7172378.945050989,4904417.383753217,9415693.153172482
2014-08-20,6671214.030094443,4581556.757828402,9024671.293189917
2014-08-21,6329064.515227925,4034951.3722586953,8572030.790721644
2014-08-22,6823784.375103818,4353505.515945083,9082355.18300305
2014-08-23,5857662.968473715,3631141.5933046564,8168988.173800136
2014-08-24,-259393.42824007105,-2496457.367798517,2095746.4403455083
2014-08-25,7932134.421810509,5542096.801607478,10198922.1817099
2014-08-26,7038156.3582755625,4752242.485722932,9245834.02818368
2014-08-27,6530616.8008056795,4143056.5371375307,8826829.340145096
2014-08-28,6183526.051286343,3872886.1897311118,8291778.824737966
2014-08-29,6675037.092616472,4354477.192342047,9010595.103284216
2014-08-30,5707696.891125091,3541410.465028276,7937495.021788045
2014-08-31,-408382.66978001595,-2727231.4401543024,2077011.747054209
2014-09-01,7786462.150679784,5504910.445874307,10029739.880015913
2014-09-02,6898217.324033647,4373409.89316436,9172456.284435032
2014-09-03,6398432.263839668,3955920.8896925393,8754996.867721375
2014-09-04,6061441.133345493,3760925.096174621,8492846.729573334
2014-09-05,6565246.456922889,4353808.1542659905,8823764.85347877
2014-09-06,5612170.212229236,3300504.1853741426,8050876.141633398
2014-09-07,-487970.5403686175,-2723369.376373866,1671409.8709068715
2014-09-08,7724130.3946768725,5546964.627644714,10015355.859681774
2014-09-09,6854048.070058712,4504641.582569007,9101570.458523082
2014-09-10,6372878.9361543795,4164322.4689392084,8765586.289028468
2014-09-11,6054475.134627341,3712798.416501759,8397217.268746803
2014-09-12,6576342.369953664,4222224.578026215,8908083.481525565
2014-09-13,5640306.104985016,3401515.7019693293,7958474.8084082445
2014-09-14,-444297.32835166063,-2672153.4486019057,1753149.246908674
2014-09-15,7781388.697422981,5629465.68714897,10169766.865646997
2014-09-16,6922535.602254703,4581193.931982754,9128519.000976622
2014-09-17,6449895.834119715,4170055.403979122,8580830.301084517
2014-09-18,6137049.321771316,3813927.7062090533,8473443.176290229
2014-09-19,6661311.553796018,4313097.056899871,8954028.324324787
2014-09-20,5724407.6676205695,3455277.8342866837,8060993.7842932865
2014-09-21,-364331.15610498656,-2577105.5865174923,2002324.8867694526
2014-09-22,7854044.186595578,5577769.844087962,10022157.437197367
2014-09-23,6984894.708183197,4673877.859619641,9348326.594508052
2014-09-24,6499256.042207053,4032311.000109472,8489831.187851943
2014-09-25,6171078.409805294,3899137.711779956,8264697.053196329
2014-09-26,6679102.093886967,4512843.762490664,8831904.393491244
2014-09-27,5724589.510122563,3360141.8017308023,7991664.908830013
2014-09-28,-382562.46332228556,-2722408.081733287,1880889.6449031394
2014-09-29,7817196.6225980045,5457347.966588379,10015352.617044076
2014-09-30,6929847.2774641,4551779.569315553,9183872.072714599
2014-10-01,6427044.369029603,4152841.9862275627,8846981.3220658
2014-10-02,6083338.302798613,3744452.683315662,8472454.690651914
2014-10-03,6577055.202080757,4524702.791278948,8862367.866432125
2014-10-04,5610941.2771115685,3263779.9969058293,7824351.887423871
2014-10-05,-504671.44434029143,-2622572.9124268857,1768703.5177445859
2014-10-06,7690116.078053072,5461016.451676126,9930610.152922137
2014-10-07,6801534.118613869,4475987.103312919,9098559.011234678
2014-10-08,6301378.987975344,4002852.4077397813,8537763.518275166
2014-10-09,5964227.8372821715,3584153.8007286894,8260634.063398197
2014-10-10,6468315.841224505,4118427.2729814714,8882612.194697136
2014-10-11,5516181.110399477,3250193.006050017,7960630.4156855
2014-10-12,-582165.4374617692,-2889695.905102669,1515075.9344304737
2014-10-13,7632748.80577691,5347697.591556323,9746665.982016794
2014-10-14,6766633.438002182,4422001.374417933,9092082.082673946
2014-10-15,6290684.053591651,3755476.5696732868,8674128.909623342
2014-10-16,5978814.016063452,3660392.296045446,8318522.9764373675
2014-10-17,6508550.9210006595,4216178.3343939595,8818227.971559858
2014-10-18,5581702.569004488,3185342.7671983647,7810945.403182189
2014-10-19,-492450.91749182343,-2919768.432546546,1847872.918083178
2014-10-20,7744854.577806015,5347481.50497524,10029733.496326424
2014-10-21,6898665.123471368,4539140.128468702,9261392.21333271
2014-10-22,6439579.594903818,4183571.7359978016,8836787.846068257
2014-10-23,6141001.810606429,3963331.9016840053,8351380.347564806
2014-10-24,6680055.232333135,4367382.784513756,8881950.186713822
2014-10-25,5758264.455099218,3488660.5504163043,8046564.521612939
2014-10-26,-314241.7442451352,-2590702.6609876966,2138098.354493274
2014-10-27,7920293.865992524,5547279.286038847,10198348.730961826
2014-10-28,7067055.464359314,4707891.599679166,9240077.550301364
2014-10-29,6596926.657131032,4418073.179950361,8896280.137250837
2014-10-30,6283738.523155744,3923867.808178446,8437381.531256298
2014-10-31,6805175.854713043,4491679.783378312,9038205.352651138
2014-11-01,5863445.957429793,3469772.0481285043,8173473.399015128
2014-11-02,-231533.6198947467,-2514786.8782654973,1963646.2469309277
2014-11-03,7979864.924947919,5720756.10306642,10336107.383700984
2014-11-04,7103758.819913018,4860263.186830977,9380602.895778155
2014-11-05,6612000.020991598,4360711.962875724,8928557.996467106
2014-11-06,6279395.5924952645,4126606.6834491496,8601416.469238715
2014-11-07,6784585.199830797,4538909.418324633,9330016.858666051
2014-11-08,5830680.866366604,3650836.4021705943,8191164.241082664
2014-11-09,-271573.8216936812,-2574036.7886211365,2129190.4752348955
2014-11-10,7938169.104152858,5791216.7546442505,10203519.978391394
2014-11-11,7066616.105092388,4759052.541121008,9498418.710222071
2014-11-12,6586055.2570753265,4540750.595450286,8810947.433796585
2014-11-13,6271558.019410895,3960228.621632515,8578683.921834627
2014-11-14,6801842.287219553,4483429.32598665,9057248.723104995
2014-11-15,5879902.378123463,3646610.9540528576,8176941.828993723
2014-11-16,-183836.48204358015,-2568984.2456373177,1954206.4863905467
2014-11-17,8070455.24118686,5570843.694357258,10369098.132633014
2014-11-18,7248771.492084506,5022275.802063275,9516417.683139164
2014-11-19,6822505.111404478,4592687.59947988,9134691.383610714
2014-11-20,6565666.161273571,4296549.981946521,8803649.628410278
2014-11-21,7155766.399586312,4673404.359756522,9485042.97803179
2014-11-22,6294475.09205423,4000199.762282764,8848389.681136249
2014-11-23,290803.1372331921,-2039201.2964305612,2628233.3884027284
2014-11-24,8603109.219776787,6480068.80458305,10924504.835885234
2014-11-25,7836199.723730478,5676214.4664534675,10055895.577071954
2014-11-26,7459685.51291985,5242924.240948533,9807853.384410799
2014-11-27,7246151.5254861675,5033610.944961103,9448158.279690268
2014-11-28,7871773.128023632,5521524.712126115,10073951.740472076
2014-11-29,7037007.173152645,4698184.57809592,9364853.090437496
2014-11-30,1049809.0646974836,-1158878.8635379157,3251384.778096499
2014-12-01,9367668.66341247,7022246.126503814,11743337.153410936
2014-12-02,8594431.21316738,6266879.863959136,10944767.946058026
2014-12-03,8199589.38618925,6030582.0504884785,10504700.451989582
2014-12-04,7955554.375162849,5502041.424614594,10177192.498110116
2014-12-05,8538586.921985129,6196048.800189422,10663783.508044977
2014-12-06,7649492.190754132,5436541.316351696,9920086.688920626
2014-12-07,1596834.3574145539,-824117.5612449764,3822172.208000926
2014-12-08,9838963.73495398,7662737.155762492,12463067.559131023
2014-12-09,8980822.761950752,6727204.3807224445,11458648.260409573
2014-12-10,8493217.259232733,6182174.580793563,10827481.975498741
2014-12-11,8150061.340714404,5894559.088188135,10402189.734292123
2014-12-12,8629277.46659975,6260430.285960758,10806151.888074864
2014-12-13,7633456.271200851,5258864.318210624,9946825.118989555
2014-12-14,1473032.8693215698,-741158.8083756535,3626317.61901919
2014-12-15,9608273.378699824,7480614.07872247,11792636.06479952
2014-12-16,8646038.9669749,6263201.347906846,10844958.726562863
2014-12-17,8059014.84674985,5681802.374778635,10397290.530923871
2014-12-18,7622913.634272213,5208606.136627624,9927465.789620837
2014-12-19,8017335.574730635,5534926.955489933,10283704.320094991
2014-12-20,6946391.238897898,4792109.43808599,9573339.385404317
2014-12-21,721844.3010745179,-1669577.2655834267,3135190.7222730247
2014-12-22,8805068.9516995,6567752.13913244,11083388.11602983
2014-12-23,7803789.957355815,5426710.026796154,9961143.36410694
2014-12-24,7191293.3666391615,4933676.860265918,9473221.679296354
2014-12-25,6743621.107825429,4374164.124873276,9043693.64144799
2014-12-26,7140415.2629893245,4734671.052524235,9467410.536153575
2014-12-27,6085551.725985286,3740370.8989973026,8283425.659786387
2014-12-28,-109713.18278871104,-2519258.698850958,2228435.634243049
2014-12-29,8015228.190617131,5665355.3901628675,10302483.311929965
2014-12-30,7067094.279644502,4845812.25739053,9302488.444208324
2014-12-31,6517949.767389021,4253282.650638613,8869054.713403916
2015-01-01,6142426.283006073,3783250.8639743305,8525110.209784428
2015-01-02,6618610.344073441,4447645.554783244,8949484.438571656
2015-01-03,5648703.411687977,3301820.5001930306,8055462.6718189595
2015-01-04,-457789.3051092811,-2772135.1149603818,1776449.4620241811
2015-01-05,7757952.075488243,5564856.468530169,9884343.141595706
2015-01-06,6900861.807081852,4600616.175659904,9376599.147380566
2015-01-07,6441263.486819252,4004527.43683452,8675031.023330135
2015-01-08,6152128.545671468,3924710.738618857,8587393.213296965
2015-01-09,6709999.375761029,4379564.140731363,9029779.620316267
2015-01-10,5815681.137752646,3512426.606835499,8128184.646379172
2015-01-11,-222541.83932692558,-2504698.279261244,2059838.9380421417
2015-01-12,8053127.6960508125,5814935.868457421,10405078.702119756
2015-01-13,7246817.203199724,4856600.908020894,9481971.753055658
2015-01-14,6828271.327522103,4617013.825838945,9154703.552121613
2015-01-15,6570116.630842112,4307790.142854317,8908145.706772668
2015-01-16,7148785.155735352,5028615.062078245,9307263.907004727
2015-01-17,6265200.982305659,3903824.730374527,8618791.61148084
2015-01-18,227985.9480402479,-2170694.5218793643,2276776.9578795102
2015-01-19,8495477.689201698,6388078.767154658,10856955.097673213
2015-01-20,7672526.698460298,5393621.664500605,9692088.943136891
2015-01-21,7229759.187358568,4994642.018158672,9589320.20414249
2015-01-22,6940814.527288609,4627023.416847745,9278705.58671463
2015-01-23,7483239.134884929,4985010.764668708,9785362.186091445
2015-01-24,6559142.994447896,4109195.963909097,8862154.683626326
2015-01-25,478369.81419503037,-1744770.2251091383,2665566.919687233
2015-01-26,8700486.879082125,6488203.243221422,11012505.903521826
2015-01-27,7831550.070130473,5560381.379151738,10069270.087510385
2015-01-28,7343337.647328602,5037996.910957561,9755436.316781944
2015-01-29,7010561.080541443,4869034.268031534,9366886.366298793
2015-01-30,7511735.425862033,5327022.595906597,9978538.08860425
2015-01-31,6549814.765744097,4144725.718761024,8628279.966371091
2015-02-01,435350.1554058278,-1886261.3323549216,2803173.281404849
2015-02-02,8628464.381338894,6390423.450971191,11061951.66580102
2015-02-03,7735611.224478039,5396133.616183907,9923613.735710615
2015-02-04,7228806.837678636,5056136.554660047,9391989.002551038
2015-02-05,6882842.639301081,4497914.051265805,9084221.267577205
2015-02-06,7376162.009243307,4946120.82590094,9719744.163579904
2015-02-07,6411505.981329564,4201495.083013511,8809681.606268127
2015-02-08,299084.9473835677,-1995240.1159582583,2646780.449574752
2015-02-09,8498570.16496195,6021649.8659871435,10539927.324249048
2015-02-10,7615872.175401352,5185220.439663508,9749551.34306458
2015-02-11,7122393.1047124015,4898694.167907459,9253071.201467875
2015-02-12,6792261.577928341,4603508.373154124,9074936.954310235
2015-02-13,7303231.850620948,5086593.047948838,9664999.888905307
2015-02-14,6357351.675215122,4120803.003064386,8637740.65269133
2015-02-15,264155.2695693588,-2303981.826102434,2638084.563987583
2015-02-16,8482674.576487157,5940592.701962577,10709583.458105775
2015-02-17,7618235.38055585,5320721.539951947,9982858.948232684
2015-02-18,7141724.79129198,4844838.756501752,9391139.610137707
2015-02-19,6826838.44900601,4478000.09255075,8929460.78975533
2015-02-20,7350988.7804570515,4958346.414519898,9494462.560480343
2015-02-21,6415978.651303834,4146891.226915686,8567766.622622028
2015-02-22,331196.71738496795,-2008893.7491822806,2824784.963446063
2015-02-23,8555627.7067067,6314149.371727948,10849804.733636566
2015-02-24,7694644.344414096,5417131.404383156,10034568.256700043
2015-02-25,7219267.67229039,4958099.212172468,9400856.589305602
2015-02-26,6903404.449020678,4673650.0174360555,9100990.036410015
2015-02-27,7424743.363760436,4963670.863307951,9789949.344056359
2015-02-28,6485414.8759270515,4214921.905647877,8817159.945025615
2015-03-01,395171.49569218233,-1889131.5467894075,2777420.4995189128
2015-03-02,8613382.277220055,6471272.743427793,10857175.764173485
2015-03-03,7745808.788829407,5310244.075584171,10000947.25243582
2015-03-04,7263849.856811782,5095098.295691345,9595055.036694853
2015-03-05,6941764.291047464,4726355.119258124,9148447.454798441
2015-03-06,7457553.806940003,5111362.748981656,9620142.335196361
2015-03-07,6513611.384078781,4305299.724036231,8752857.995138444
2015-03-08,419892.23681409843,-1861495.8259555807,2651456.182584947
2015-03-09,8635901.451133745,6275013.44627734,10964476.818406487
2015-03-10,7767465.748588994,5386175.6111856485,10119293.538734986
2015-03-11,7285976.780104769,4925281.699845681,9618962.812763968
2015-03-12,6965615.1695757285,4700751.909977849,9406494.010698503
2015-03-13,7484237.441602697,5266133.214502785,9641310.946999654
2015-03-14,6544030.904076409,4237568.500889152,8779478.358240051
2015-03-15,454693.4077529954,-1687798.6899838643,2735225.0342877656
2015-03-16,8675431.711474035,6442019.8098135255,11035105.35060909
2015-03-17,7811745.523725097,5525298.074261581,9984232.051495595
2015-03-18,7334684.184720677,5082322.26338122,9638274.450583452
2015-03-19,7018084.73447061,4844052.901651996,9433938.946963936
2015-03-20,7539473.0074557,5252890.275794774,9790758.706526611
2015-03-21,6600732.327092685,4487853.52072037,8868067.803950842
2015-03-22,511296.2379418202,-1805417.9049907434,2884512.313296881
2015-03-23,8730158.54732152,6419280.063641605,11099279.872116461
2015-03-24,7862667.334512044,5398174.90015317,10034136.609293872
2015-03-25,7379789.53411648,5001240.42834419,9720925.899935663
2015-03-26,7055354.550950469,4755040.8601010945,9330096.991050446
2015-03-27,7566958.334246572,5193961.374337696,9829985.469688656
2015-03-28,6616632.357489282,4383997.311116333,8984045.038643816
2015-03-29,514033.90184822027,-2019452.682905757,2769558.3867847226
2015-03-30,8718450.965139728,6549604.704396329,10982202.014821287
2015-03-31,7835588.5930022355,5652423.054322224,10272035.300421253
2015-04-01,7336823.461540562,5107026.674102531,9630266.418908006
2015-04-02,6996435.468180877,4814327.570748867,9356422.086949777
2015-04-03,7492498.126869817,5240275.5261693625,9869059.187405888
2015-04-04,6527532.637943785,4096405.154694906,8705297.859421102
2015-04-05,411682.4985284265,-1960717.1858031482,2653338.423103336
2015-04-06,8604702.47233707,6347887.91461948,10886362.324709285
2015-04-07,7712729.22502427,5466852.451942084,9902039.288111474
2015-04-08,7207520.962164178,4834180.134751385,9424392.496148286
2015-04-09,6863675.3150080275,4651886.415961858,9120870.89983311
2015-04-10,7359507.725343717,5028244.426883071,9725972.344481545
2015-04-11,6397695.605650335,4245273.755612335,8561548.96795572
2015-04-12,288445.4862084389,-2099280.1767868455,2538853.6247330476
2015-04-13,8491477.239853285,6248155.191597544,10840325.74102143
2015-04-14,7612792.882452157,5319871.75289196,9910583.15641586
2015-04-15,7123917.389113586,4737261.709340271,9455708.674405826
2015-04-16,6799120.7829625,4415086.6527257655,9099558.049121156
2015-04-17,7316303.666676445,4904233.702954823,9524029.399536883
2015-04-18,6377651.301483606,4080144.748310462,8805613.133342074
2015-04-19,292813.1859935224,-2019784.5765918344,2530767.9041256267
2015-04-20,8520901.889110103,6187932.659820928,10830773.277068138
2015-04-21,7667278.227627225,5373388.952104239,10030671.082155807
2015-04-22,7202809.763866006,4790155.801846887,9401414.621988997
2015-04-23,6901111.372051395,4678812.399198554,9053276.470306283
2015-04-24,7439449.505597252,5329130.542824591,9847210.804011276
2015-04-25,6519414.719106316,4275998.464162181,8650298.940504046
2015-04-26,450118.85029040184,-1810946.9038580423,2746021.640792033
2015-04-27,8690210.087804971,6236785.725552074,10943043.455683555
2015-04-28,7844672.523557092,5641474.380307609,10287949.942132436
2015-04-29,7384096.722769997,5217261.452496441,9581407.38426649
2015-04-30,7081929.682624839,4882231.056892807,9428078.289417136
2015-05-01,7615385.508695683,5289603.115374502,9865983.044138754
2015-05-02,6686121.145644118,4417848.768294865,8919656.689394182
2015-05-03,603433.441204221,-1691761.6177786218,2967001.2285528756
2015-05-04,8826270.739404624,6554573.156748534,11259124.788347786
2015-05-05,7960025.669388895,5660297.174009872,10411004.026100133
2015-05-06,7475795.826293251,5272519.327584517,9736481.741720708
2015-05-07,7147620.970087653,4768815.551322388,9445851.564803643
2015-05-08,7653378.4118369445,5307318.7255704515,10111307.301880071
2015-05-09,6695441.338201553,4506180.566412988,8928631.821843453
2015-05-10,583856.8318669377,-1613688.7287835737,2787065.5396883003
2015-05-11,8778337.312015574,6559531.636432191,11031193.193907509
2015-05-12,7885032.623570936,5586553.896826774,10172758.143775817
2015-05-13,7375770.052980011,4905601.300611207,9836403.115331585
2015-05-14,7025271.479118451,4833903.886048188,9189010.734907074
2015-05-15,7512029.896416707,5291191.532951342,9751547.796400655
2015-05-16,6538950.596577358,4131075.134868515,8632619.668118538
2015-05-17,416514.25579059776,-1807399.0635022244,2698818.9215943925
2015-05-18,8604756.078597415,6313516.328147182,10960385.338515423
2015-05-19,7710028.580702164,5386773.872808775,10017352.671957845
2015-05-20,7204235.558222109,4920162.821308252,9380006.248811292
2015-05-21,6862046.629397138,4443851.161326182,9164448.106448205
2015-05-22,7361774.665990305,5189868.810379503,9521531.09408838
2015-05-23,6406021.38251462,4082370.461605175,8683059.780171562
2015-05-24,304848.2112188274,-1924234.542134567,2708253.794667854
2015-05-25,8517766.400792759,6295001.483360258,10925202.365007201
2015-05-26,7650513.617893566,5328956.790366121,10070542.7938201
2015-05-27,7174304.215018927,4727508.703026493,9410680.268782537
2015-05-28,6863062.096903924,4768476.919980281,9273641.28811751
2015-05-29,7394317.992893283,5196269.677306108,9722931.722152462
2015-05-30,6469875.8504005,4302118.342062421,8685362.337144567
2015-05-31,399004.8997552609,-1840752.922553558,2597010.5159799196
2015-06-01,8640450.739915844,6196419.109746531,10987806.768494215
2015-06-02,7799232.143825859,5346430.466823476,9888281.307302859
2015-06-03,7345910.18983239,4998018.905681194,9700116.196890937
2015-06-04,7053838.134681643,4678464.141132433,9249791.279778704
2015-06-05,7600073.372240386,5238907.834063958,9898335.26728415
2015-06-06,6686055.798209506,4428500.761994989,8941725.880934184
2015-06-07,620808.8137094127,-1687230.5852701813,2931776.9792992007
2015-06-08,8862956.08740615,6603830.48754134,11127632.540943641
2015-06-09,8017520.638423026,5781318.44906247,10248989.025169801
2015-06-10,7555192.806569037,5493811.18214627,9740605.623370722
2015-06-11,7249575.582578605,4938367.149226958,9545627.999654472
2015-06-12,7778088.795451437,5536827.586115117,9962699.111133909
2015-06-13,6842636.719754408,4450177.274633969,8921891.768168703
2015-06-14,752795.6609318694,-1426691.3121425975,2913874.033417336
2015-06-15,8967815.037396967,6538892.329635423,11226487.189574903
2015-06-16,8093398.979523009,5865156.621936027,10382666.48402352
2015-06-17,7600955.51929646,5424852.1989637045,10012510.850151656
2015-06-18,7264822.381108942,5038095.7150014145,9639952.750270495
2015-06-19,7763151.426201102,5464652.623353441,9942439.709344057
2015-06-20,6798556.868435135,4498208.686937049,9011723.588498566
2015-06-21,681284.3593347045,-1565827.1281406383,2747484.4503792007
2015-06-22,8871194.96900662,6560969.8463477185,11236379.028785257
2015-06-23,7974531.546100212,5734114.574810029,10300930.315172585
2015-06-24,7463154.934100777,5288880.074137815,9811837.346903926
2015-06-25,7111759.388891746,4838312.966043741,9431963.126018032
2015-06-26,7598749.50475912,5264445.1448122505,9902550.965541152
2015-06-27,6626883.936516848,4257153.0102164475,8862756.74907006
2015-06-28,506443.0955339074,-1761750.5729584603,2759102.703326345
2015-06-29,8697214.834976712,6370820.578647657,10929196.310648222
2015-06-30,7805265.50700139,5368702.87658622,10131224.31169694
2015-07-01,7302183.682149996,5082962.493607381,9606339.628046049
2015-07-02,6962305.610472216,4556889.504286701,9279323.432611108
2015-07-03,7463604.394612537,5145672.146013574,9766746.576290842
2015-07-04,6508347.766597708,4356818.417865803,8831529.677805925
2015-07-05,406281.20237558894,-1858468.204385757,2701459.612656483
2015-07-06,8616629.912566852,6207336.277757077,10912713.624547826
2015-07-07,7744886.595542417,5480401.305511115,9985601.909562306
2015-07-08,7262071.743894372,4987320.459959019,9685661.720967785
2015-07-09,6941975.094475513,4675603.281994107,9248686.458501669
2015-07-10,7462059.7297632545,5188394.46171723,9641812.506888803
2015-07-11,6524133.29828196,4118151.038011307,8847818.8680337
2015-07-12,437542.7166036023,-1913236.5943383295,2803621.9887609817
2015-07-13,8661185.581535675,6392305.342319124,11026441.806092978
2015-07-14,7800304.940344833,5412741.578752806,10203305.871472666
2015-07-15,7325754.048745293,5228411.870894588,9616500.784870038
2015-07-16,7011239.626908936,4783931.843341945,9328177.260103872
2015-07-17,7534225.124265417,5328112.340502624,9733627.06770515
2015-07-18,6596598.5456623025,4522364.161794691,8917357.613475228
2015-07-19,507861.36357154883,-1676645.4505609088,2847632.268390289
2015-07-20,8727131.980085868,6510986.629963185,11129214.304480636
2015-07-21,7859930.685089108,5614589.380203487,10272768.04325975
2015-07-22,7377433.092546127,4984987.034206009,9758324.122536108
2015-07-23,7053700.96014921,4708676.8987596845,9231941.566135412
2015-07-24,7566572.3267564215,5187660.9530168865,9820579.532352988
2015-07-25,6618315.959785081,4252129.868504847,9003638.846296934
2015-07-26,518807.07828857936,-1817295.0930163546,2631890.7066235165
2015-07-27,8727518.244242255,6285176.228532737,11027428.553364629
2015-07-28,7850292.770946047,5613074.6652132105,9995591.36074596
2015-07-29,7358587.99450333,5153752.382793728,9664927.29348751
2015-07-30,7026697.628333993,4650000.471159725,9420812.549385736
2015-07-31,7532635.389381104,5377177.963423264,9773529.317955721
2015-08-01,6578785.076031667,4224237.17338411,8798466.223898068
2015-08-02,475074.1786244167,-1865201.5422865981,2593347.208911587
2015-08-03,8680964.953448039,6422597.700845008,11019132.396118011
2015-08-04,7802230.272114991,5693585.885859974,10160670.398471622
2015-08-05,7310201.479435732,5006195.514676656,9598785.335315848
2015-08-06,6978997.29629195,4586291.092194041,9260344.120358163
2015-08-07,7486415.708611939,5390411.547488453,9935198.760540463
2015-08-08,6534593.718416736,4270658.70128277,8828034.66401781
2015-08-09,433191.68765924126,-1944188.6085520138,2774104.6534974365
2015-08-10,8641395.822431285,6210842.647191561,11041610.418556971
2015-08-11,7764705.703136079,5485610.476882715,10143722.29891555
2015-08-12,7274193.680291135,4995131.720965708,9719057.523255147
2015-08-13,6943744.764138797,4604449.182263724,9092219.058904951
2015-08-14,7450958.559968354,5091835.865070133,9762236.939615129
2015-08-15,6497817.767303509,4184105.4999642842,8769615.9470799
2015-08-16,393879.6605162667,-1845942.3088276053,2863380.5116951517
2015-08-17,8598283.837940266,6347226.520814843,10979261.543998756
2015-08-18,7716542.948844319,5441130.39982691,10106084.660758117
2015-08-19,7219803.090190949,5016046.0515261525,9529573.227094267
2015-08-20,6882082.448270755,4804869.986270914,9089894.381173383
2015-08-21,7381169.759250823,5030841.895462883,9609987.377413249
2015-08-22,6419287.206019615,4173810.7080096183,8841579.329637425
2015-08-23,306274.3392927032,-1872446.3873565523,2750440.563598138
2015-08-24,8501586.54950717,6074481.102767985,10799043.179791613
2015-08-25,7611075.097951694,5159676.918587509,9883244.810928348
2015-08-26,7106235.749285207,4853062.526009071,9442121.143682301
2015-08-27,6761434.970082176,4397292.620042833,9118810.533336593
2015-08-28,7254795.685173346,4892414.793010033,9548912.38127216
2015-08-29,6288847.639707487,3925389.7976549575,8636736.237503646
2015-08-30,173699.38632823806,-2074073.7251879415,2437384.2692309474
2015-08-31,8369025.840599902,5960659.606115892,10601878.673187552
2015-09-01,7480838.801821712,5115605.388583179,9679673.144211885
2015-09-02,6980727.829663948,4722138.724666927,9163734.607647516
2015-09-03,6643080.7359822355,4358391.860821459,8808983.003850205
2015-09-04,7145965.916385521,4821102.355551501,9251267.214306157
2015-09-05,6191781.7298122505,4175055.6491817515,8428683.245237121
2015-09-06,90430.02982313093,-2233981.922835476,2472614.5689771227
2015-09-07,8301307.79264128,6117922.749833378,10624847.266518723
2015-09-08,7430084.16003318,4987296.8547162935,9646913.836278062
2015-09-09,6947950.126427162,4664063.240316369,9195543.298879335
2015-09-10,6628849.892757312,4418952.689020215,9010093.604535114
2015-09-11,7150375.803453183,4840371.418452355,9350689.449346183
2015-09-12,6214431.706506604,3925770.5587020195,8523182.489677606
2015-09-13,130421.4194935672,-2282653.970834476,2139949.3628802076
2015-09-14,8357255.789730702,5933907.234894177,10599183.51328617
2015-09-15,7500145.183908823,5370260.535528085,9816690.915589424
2015-09-16,7029864.1457741745,4581091.422528225,9305193.768140793
2015-09-17,6719996.75884143,4586966.303392095,8979217.738383733
2015-09-18,7247844.167491001,4866327.384820443,9583270.980703369
2015-09-19,6315098.668480474,3919548.564368578,8494232.734370917
2015-09-20,231040.67972345557,-2235201.7861209176,2447972.468168103
2015-09-21,8454551.760151861,6229238.310072603,10671286.562404776
2015-09-22,7590910.2766807135,5245399.727801196,9761072.59023557
2015-09-23,7111056.299237042,4620866.415958209,9279751.973460363
2015-09-24,6788834.192769891,4428040.834544688,9064789.406085651
2015-09-25,7301894.383040727,5032109.298910415,9631103.951868031
2015-09-26,6352358.826118575,4107208.3403904145,8638510.650829747
2015-09-27,250006.69634021074,-2112947.590118337,2678769.9955580733
2015-09-28,8454273.761520311,6305350.207487023,10741845.841992278
2015-09-29,7571032.414513875,5130996.61578197,9878600.886787442
2015-09-30,7071839.383981482,4744575.707821442,9231599.714860827
2015-10-01,6731160.091116653,4421946.516422327,8981852.460690241
2015-10-02,7227251.668847302,4820610.205980364,9490811.062752454
2015-10-03,6262809.738803122,3987586.1223267936,8610406.5089323
2015-10-04,148136.03550308477,-2237472.2448119344,2601432.535840108
2015-10-05,8343120.913429879,5967027.663439836,10809940.144795572
2015-10-06,7454008.245968855,5048946.6059187865,9789329.863832453
2015-10-07,6952630.238226141,4693352.303632316,9254960.974080728
2015-10-08,6613621.559413099,4318043.478869778,8688054.183937326
2015-10-09,7115295.178918851,4779779.74248192,9302977.433917452
2015-10-10,6160285.282469813,3952185.7576154084,8606688.750237027
2015-10-11,58714.54505401384,-2359597.2076495006,2266226.486773056
2015-10-12,8270179.879593855,5920610.287772217,10647274.95417879
2015-10-13,7400524.14798542,5130001.109677981,9660264.220145546
2015-10-14,6921081.224968406,4668898.8048926145,9210231.198977247
2015-10-15,6605903.583611502,4359809.432876544,8819853.813397218
2015-10-16,7132654.447702903,4795005.880061254,9434766.1672479
2015-10-17,6203269.457192816,3832680.5360038253,8540867.850415092
2015-10-18,127144.60986144934,-2118276.666319381,2338012.236717284
2015-10-19,8363144.018115604,6006711.104049556,10644223.513793623
2015-10-20,7516394.335122259,5162608.381255128,9767879.883951908
2015-10-21,7057552.574149919,4687474.542777481,9344419.489330702
2015-10-22,6760055.808307315,4461965.407405766,8893602.106222067
2015-10-23,7301034.119524637,4994238.473534025,9511415.722558308
2015-10-24,6381991.09057373,3970950.201115111,8640367.40826245
2015-10-25,312007.99613437336,-1909758.3814895172,2669028.2368158945
2015-10-26,8549764.687118996,6283613.965953645,10820991.92366451
2015-10-27,7700343.5581522705,5542392.0165684065,10051885.014562499
2015-10-28,7234502.952562916,4855704.934560551,9497828.609301496
2015-10-29,6925928.230895204,4519360.7198149115,9197420.270250153
